entity,time,answer
Enoch Powell,1962-10-21,Member of the 42nd Parliament of the United Kingdom
Nancy E. Gwinn,1975-02-24,Council on Library and Information Resources
Salafist Group for Preaching and Combat,2003-11-16,Nabil Sahraoui
Yves Deroff,2010-03-19,Angers SCO
Jack Mustard,1935-06-22,Wrexham A.F.C.
New York Liberty,2011-06-09,John Whisenant
Frank Peters Jr.,1958-08-12,Arkansas Gazette
HNK Rijeka,2020-10-11,Simon Rožman
Maciej Korzym,2009-12-23,Poland national under-21 football team
Mitchell Feigenbaum,1972-06-18,Virginia Tech
Audrey Eagle,1938-11-19,Tanbridge House School
Soviet Union,1947-03-13,Joseph Stalin
Olympique Lyonnais,2019-09-29,Sylvinho
Ene Ergma,2006-01-16,Isamaa
Prats de Lluçanès,2004-12-19,Ramon Besora i Torradeflot
Kyōto Prefecture,1876-06-23,Masanano Makimura
Thierry Roland,1980-01-08,RTL
Legia Warsaw,2004-10-26,Krzysztof Gawara
Young Socialists in the SPD,2015-10-20,Johanna Uekermann
Kevin Tully,1978-07-31,Port Vale F.C.
Ángel Bernuncio,1990-06-09,Club Atlético Lanús
Erik Ullenhag,2015-04-28,member of the Swedish Riksdag
"John Russell, 1st Earl Russell",1841-07-29,Secretary of State for War and the Colonies
Hamilton C. Jones,1925-06-21,Member of the North Carolina Senate
Dominique Kalifa,1999-01-03,Paris Diderot University
William Michael Herbert Greaves,1915-10-17,Codrington College
Plzeň,2017-05-12,Martin Zrzavecký
Lipman Bers,1947-05-24,Syracuse University
Bremerhaven,1948-02-14,Hermann Gullasch
Protezione Civile,2013-09-16,Franco Gabrielli
Enoch Powell,1977-07-25,Member of the 47th Parliament of the United Kingdom
Donald Stewart,1982-07-17,Member of the 48th Parliament of the United Kingdom
Jimmy Bloomfield,1966-02-28,Plymouth Argyle F.C.
Anne-Marie Descôtes,2022-09-24,Permanent secretary of the French Foreign Affairs Ministry
Aulnay-sous-Bois,2005-01-28,Gérard Gaudron
Perry T. Rathbone,1938-04-17,Russell A. Alger House Museum
Vermin Supreme,2020-03-02,Libertarian Party
Cecilia Salvai,2011-01-29,Italy women's national under-19 football team
Marco Kottmann,2008-12-08,SC Cham
Bonar Law,1918-02-23,Chancellor of the Exchequer
Christophe Samson,2009-06-13,ASM Clermont Auvergne
Olympiacos F.C.,2021-02-09,Pedro Martins
Dortmund,2021-05-14,Thomas Westphal
"Miguel Primo de Rivera, 2nd Marquis of Estella",1928-06-27,President of the Council of Ministers
Communist Party of the Soviet Union,1984-12-18,Konstantin Chernenko
FC Urartu,2017-12-18,Arthur Voskanyan
Order of Vittorio Veneto,1993-03-18,Oscar Luigi Scalfaro
Carlos Alberto Etcheverry,1952-05-02,Boca Juniors
Daniel Scioli,2003-09-14,Vice President of Argentina
Charles Owen O'Conor,1868-12-21,Member of the 20th Parliament of the United Kingdom
Modeste M'bami,2012-08-08,Al Ittihad FC
Noah Syndergaard,2012-06-11,Lansing Lugnuts
Bolton Wanderers F.C.,2020-04-27,Keith Hill
Steve Jones,2009-06-23,Walsall F.C.
Gabriel Simion,2022-02-26,Aris Limassol F.C.
Mauricio Wright,2006-09-20,Deportivo Saprissa
Carlo Cottarelli,1982-07-22,Bank of Italy
Ethan Vishniac,2013-06-15,University of Saskatchewan
William Dougal Christie,1847-06-19,Member of the 14th Parliament of the United Kingdom
Marco Delvecchio,2005-01-01,A.S. Roma
Julia Kempe,1994-10-27,University of Technology Sydney
John Grogan,2008-07-10,Member of the 54th Parliament of the United Kingdom
Gilbert Dussier,1978-11-17,K. Waterschei S.V. Thor Genk
Yaser Karami,2011-06-07,Moghavemat Tehran F.C.
Wander Johannes de Haas,1927-05-27,Leiden University
Catalan Unity,2002-01-29,Jaume Pol
Brian Smith,1978-01-01,Bolton Wanderers F.C.
Vladyslav Prudius,2004-12-27,FC Vorskla Poltava
Degerfors IF,2022-02-25,Tobias Solberg
Supreme Council of the Armed Forces,2002-05-29,Mohamed Hussein Tantawi
Daniele Delli Carri,1989-07-02,A.S. Bisceglie Calcio 1913
Jo Grimond,1982-05-06,Member of the 48th Parliament of the United Kingdom
Poland,2007-01-27,Jarosław Kaczyński
Alexander Farnerud,2013-03-19,Torino F.C.
Richard C. Bradt,1967-11-03,Pennsylvania State University
Piotr Ćwielong,2009-03-15,Wisła Kraków
Billy Manuel,1991-06-08,Brentford F.C.
"Embassy of Ukraine, Moscow",2004-10-31,Mykola Biloblotskyi
Blackpool F.C.,2022-08-01,Michael Appleton
Hon-Hergies,1913-04-23,Léopold Auquier
Faye McLeod,2021-08-06,Bodleian Libraries
Communist Party of the Soviet Union,1981-01-19,Leonid Brezhnev
"Union, Progress and Democracy",2011-08-25,Rosa Díez
Chicago,1988-06-18,Eugene Sawyer
Michael Atwood Mason,2011-07-31,Smithsonian Institution
Karen Keskulla Uhlenbeck,1971-05-06,University of Illinois at Urbana–Champaign
"John Russell, 1st Earl Russell",1831-05-01,Member of the 10th Parliament of the United Kingdom
Fernando Martín Carreras,2011-07-17,CD Alcoyano
Jacob Bright,1868-02-16,Member of the 19th Parliament of the United Kingdom
Richard Feynman,1968-01-14,California Institute of Technology
Stavros Kostopoulos,1947-01-30,Minister of the National Economy of Greece
Canada,2021-08-27,Justin Trudeau
Salafist Group for Preaching and Combat,2004-04-11,Abdelmalek Droukdel
"St John Brodrick, 1st Earl of Midleton",1897-01-01,Member of the Privy Council of the United Kingdom
Mario Mutsch,2014-04-29,Luxembourg national football team
Ernie Thompson,1930-05-13,Bath City F.C.
Jonas Hofmann,2012-03-11,Borussia Dortmund II
Nuremberg,2014-03-13,Ulrich Maly
Stavros Kostopoulos,1950-08-23,Minister of Commercial Marine of Greece
"Charles-Joseph, 4th Duke d'Ursel",1850-10-20,Senator of Belgium
Stanislav Gross,2005-03-06,Prime Minister of the Czech Republic
Economic Community of West African States,1975-06-11,Yakubu Gowon
Yves Calvi,2004-06-08,Europe 1
Patrick Joseph O'Brien,1886-03-28,Member of the 23rd Parliament of the United Kingdom
Ismaʿil Sidqi,1933-01-10,Prime Minister of Egypt
Cádiz,1916-08-09,Sebastián Martínez de Pinillos y Tourne
New York Liberty,2018-04-04,Katie Smith
FC Astra Giurgiu,2020-07-20,Bogdan Andone
Pietro Carmignani,1969-01-01,Varese Calcio
Panagiotis Kanellopoulos,1959-01-01,Member of the Athens Academy
Regional Council of Lombardy,2002-08-05,Attilio Fontana
Pittsburgh Steelers,1971-10-08,Chuck Noll
Modeste M'bami,2021-11-12,Le Havre AC
Frosinone Calcio,2018-02-03,Moreno Longo
International Olympic Committee,1973-11-25,"Michael Morris, 3rd Baron Killanin"
Jönköping County,2017-12-07,Anneli Wirtén
Blackpool F.C.,2019-04-12,Terry McPhillips
Abdel Lamanje,2014-03-07,FC Shinnik Yaroslavl
PEN International,2010-12-29,John R. Saul
AaB Fodbold,2022-09-10,Lars Friis
France men's national volleyball team,1983-01-19,Georges Komatov
FK Bodø/Glimt,2015-12-21,Aasmund Bjørkan
"Food, Beverages and Catering Union",1949-07-02,Gustav Pufal
Jimmy Bloomfield,1965-10-12,West Ham United F.C.
Deutscher Schriftstellerverband,1961-12-16,Anna Seghers
Yves Calvi,1992-07-29,France Info
Bill Clinton,1968-10-30,"University College, Oxford"
Joseph Watson Sidebotham,1897-04-22,Member of the 26th Parliament of the United Kingdom
Feyenoord,2019-08-28,Jaap Stam
Benjamín Subercaseaux,1919-06-01,University of Chile
Sammy Wilson,2015-04-05,Member of the 4th Northern Ireland Assembly
Joëlle Elvinger,2003-09-29,Queen Mary University of London
Kerteminde Municipality,2016-06-29,Hans Luunbjerg
Fiona Meldrum,2004-11-28,University of Bristol
Clive Ballard,1993-06-05,University of Birmingham
Sandro Wolfinger,2016-06-28,BCF Wolfratshausen
Charles-André Julien,1927-10-25,Lycée Janson-de-Sailly
Rafael Mea Vitali,2000-01-01,New Jersey Stallions
Ulrike Trebesius,2016-02-22,Liberal Conservative Reformers
Tsai Ing-wen,2006-01-12,Member of the Legislative Yuan
Davor Jozić,1993-03-19,Club América
Kleinmachnow,1945-01-11,Ernst Lemmer
Maciej Korzym,2008-05-02,Poland national under-21 football team
"Sir Anthony Esmonde, 15th Baronet",1965-07-15,Substitute member of the Parliamentary Assembly of the Council of Europe
Michael Fallon,1988-10-31,Member of the 50th Parliament of the United Kingdom
George Jones,1930-05-31,Member of the 35th Parliament of the United Kingdom
Móstoles,2014-07-19,Daniel Ortiz Espejo
Omonigho Temile,2008-03-26,Botev Plovdiv
Hrushikesh Naik,1982-04-25,Member of the Eighth Odisha Legislative Assembly
"Sir Roger Conant, 1st Baronet",1951-05-18,Member of the 39th Parliament of the United Kingdom
Juan Sabas,2000-08-25,Albacete Balompié
Brazilian Academy of Sciences,2017-11-21,Luiz Davidovich
Andreas Cappelen,1961-01-15,Minister of Local Government and Regional Development
"John Russell, 1st Earl Russell",1859-04-04,president of the Royal Statistical Society
Paddy Sowden,1947-09-13,Bacup Borough F.C.
Rosemarie Hein,2015-02-27,The Left
Joseph Roach,1980-11-02,Sweet Briar College
Chris Hadfield,1991-07-13,University of Tennessee Space Institute
John M. Lilley,2007-07-19,Baylor University
Joey Ryan Gundok,2007-09-26,Melaka United
Marco Piccinni,2009-06-06,F.B. Brindisi 1912
Manuel Estiarte,2013-07-23,FC Bayern Munich
Yves Calvi,2007-12-31,France 2
Marshall Warmington,1886-06-13,Member of the 23rd Parliament of the United Kingdom
"Valentine Browne, 4th Earl of Kenmare",1887-03-15,Member of the House of Lords
Young man in Mayo costume,1875-03-14,Paul Durand-Ruel
United States Commission of Fine Arts,1948-02-05,Gilmore David Clarke
Michael Fallon,2000-10-29,Member of the 52nd Parliament of the United Kingdom
Charles Owen O'Conor,1875-03-06,Member of the 21st Parliament of the United Kingdom
Sergio Osmeña,1907-05-12,governor
Wolfgang Rindler,1961-08-25,Cornell University
Enrique Tierno Galván,1966-02-26,Princeton University
"William Hayes Fisher, 1st Baron Downham",1891-01-23,Member of the 24th Parliament of the United Kingdom
David Bory,2005-03-04,Bath Rugby
Susan J. Smith,2000-02-01,University of Edinburgh
Woman with a Parrot,1899-03-18,Louisine Havemeyer
Hon-Hergies,2004-08-09,Muriel Rzeszutek
Harold Hotelling,1961-01-21,University of North Carolina at Chapel Hill
Caroline Aigle,1996-09-02,École polytechnique
Gareth Evans,1992-03-15,Member of the Australian Senate
Richard Ryder,1823-07-01,Member of the 7th Parliament of the United Kingdom
Karen Messing,1961-10-07,Harvard University
Lukas Grozurek,2010-12-22,SK Rapid Wien
French Prehistoric Society,1930-01-01,André Vayson de Pradenne
François-Xavier Dumortier,2007-05-18,Provincial
Masir Kujat,2020-03-06,Sarawak United Party
Eric Potts,1979-08-07,Preston North End F.C.
Abdul-Rashid Pelpuo,2022-09-06,Member of the 8th Parliament of the 4th Republic of Ghana
University of Tokyo,2020-09-28,Makoto Gonokami
Austria,1935-05-28,Wilhelm Miklas
Cem Can,2001-10-16,Bugsaş Spor
Jim McDermott,1972-02-28,member of the Washington House of Representatives
George Jones,1923-02-12,Member of the 32nd Parliament of the United Kingdom
Australia national rugby union team,2022-06-07,Dave Rennie
Cem Can,2008-08-03,MKE Ankaragücü
International Olympic Committee,2017-02-07,Thomas Bach
Archibald James Macintyre,1933-03-24,University of Sheffield
Enoch Powell,1951-09-06,Member of the 39th Parliament of the United Kingdom
Thierry Roland,1974-05-11,France Inter
Prasanta Chandra Mahalanobis,1905-07-13,Brahmo Boy's School
Claremont Colleges,1933-07-20,James A. Blaisdell
Mark Clinton,1975-12-06,"Minister for Agriculture, Food and the Marine"
George Philbrook,1927-07-21,Whittier College
Economic Community of West African States,2016-05-31,Macky Sall
Andrew Robathan,1998-01-20,Member of the 52nd Parliament of the United Kingdom
Hans Rådström,1969-05-01,Linköping University
Ismaʿil Sidqi,1914-06-12,Agriculture Minister
Jason Price,2010-12-01,Bradford City A.F.C.
Communist Party of the Soviet Union,1960-12-31,Nikita Khrushchev
Neil Redfearn,2001-12-17,Halifax Town A.F.C.
Czech Social Democratic Party,2004-08-22,Stanislav Gross
Jerzy Neyman,1937-01-21,University College London
Dominican Republic,2015-06-09,Danilo Medina
Sylvain Maillard,2010-06-17,Les Centristes
Juan Cuevas Perales,1825-05-29,Toledo Cathedral
Arthur Roche,2012-04-20,Catholic bishop
Marco Modolo,2013-05-18,ND Gorica
Evelyn Gitau,1995-11-27,Mayville State University
Mikaël Cantave,2022-08-04,AFC Chindia Târgoviște
Macchambes Younga-Mouhani,2001-10-19,SV Wacker Burghausen
John Pople,1981-10-28,Carnegie Mellon University
People's Republic of China,1968-11-12,Soong Ching-ling
Ella Reeve Bloor,1917-03-19,Socialist Party of America
Peter Houtman,1979-01-01,Club Brugge K.V.
Oľga Algayerová,2005-01-08,The Open University
Bret Jones,2005-10-14,Cincinnati Kings
Abukari Sumani,2002-05-21,Member of the 3rd Parliament of the 4th Republic of Ghana
Móstoles,2010-03-14,Esteban Parro
I. J. Good,1969-09-15,Virginia Tech
Karestan C Koenen,1993-04-29,Teachers College
"Sir John Brunner, 2nd Baronet",1907-12-08,Member of the 28th Parliament of the United Kingdom
"Frederick Elwyn Jones, Baron Elwyn-Jones",1951-11-06,Member of the 40th Parliament of the United Kingdom
Rafael Mea Vitali,2014-01-01,Metropolitanos FC
Gerry Hitchens,1953-09-03,Kidderminster Harriers F.C.
International Tribunal for the Law of the Sea,2009-07-12,José Luís Jesus
FC Flora Tallinn,2013-05-13,Marko Lelov
Abraham Fraenkel,1947-07-27,Hebrew University of Jerusalem
Bill Richardson,1975-03-11,United States Department of State
Tampa Bay Rowdies,2017-03-18,Stuart Campbell
George Jones,1934-05-21,Member of the 36th Parliament of the United Kingdom
Pablo Edson Barrera Acosta,2012-06-18,Real Madrid Fc
Nizhny Novgorod,2013-11-05,Oleg Sorokin
Belkacem Zobiri,2013-10-02,AS Cannes
Synaspismós,2004-12-07,Alekos Alavanos
Sonja Brentjes,2007-01-01,Ludwig Maximilian University of Munich
Wang Guoming,2017-06-04,Henan Songshan Longmen F.C.
Arthur Roche,2001-10-09,Catholic bishop
Ryan Flynn,2008-02-02,Liverpool F.C
"Sir William Curtis, 1st Baronet",1806-12-07,Member of the 3rd Parliament of the United Kingdom
Brazilian Academy of Sciences,1965-07-11,Carlos Chagas Filho
Sant Fost de Campsentelles,2021-02-25,Carles Miquel i Ruzafa
Mario Mutsch,2016-02-10,Luxembourg national football team
Amiruddin Hamzah,2012-04-24,Malaysian Islamic Party
Elixabete Sarasola,2008-12-03,Spain women's national under-19 football team
Dugdale Dugdale,1830-11-13,Member of the 9th Parliament of the United Kingdom
Tamsin Ford,1992-11-18,Royal London Hospital
Odense Municipality,1972-03-11,Holger Larsen
Fernando Martín Carreras,2001-12-09,Pego CF
Bjarne Lyngstad,1963-09-15,Minister of Local Government and Regional Development
Jóannes Patursson,1939-05-20,Vinnuflokkurin
Gabriel Simion,2017-10-27,FC Steaua București
Woldemar Bargiel,1873-06-28,Maatschappij tot Bevordering der Toonkunst
Lukas Mössner,2011-11-07,TSV Hartberg
Charles Frewen,1851-08-04,Member of the 15th Parliament of the United Kingdom
Karestan C Koenen,1989-02-21,Wellesley College
Nizhny Novgorod,2016-01-26,Ivan Karnilin
Jonas Hofmann,2015-07-18,Borussia Dortmund
World Wide Fund for Nature,2000-04-10,Sara Morrison
Eugen Loderer,1978-09-30,IG Metall
Economic Community of West African States,1984-04-10,Lansana Conté
Chicago,1837-05-18,William Butler Ogden
Isabela,1990-07-11,Faustino Dy
Abdel Lamanje,2020-08-05,FC Atyrau
Munich,1990-11-21,Georg Kronawitter
Samuel Whitbread,1879-03-20,Member of the 21st Parliament of the United Kingdom
Samuel Whitbread,1859-07-11,Member of the 18th Parliament of the United Kingdom
Franz Baader,1991-12-11,German Research Center for Artificial Intelligence
Fédération Internationale de l'Automobile,2010-08-15,Jean Todt
Brian Smith,1977-01-01,Bradford City A.F.C.
Sebastian Freis,2008-06-18,Karlsruher SC
Hong Kong,2019-01-18,Carrie Lam
Dresden District,1958-03-17,Walter Weidauer
Jessica Stegrud,1991-12-22,Gävle University College
Faye McLeod,2008-04-24,Aston Martin Heritage Trust Museum
Free Hanseatic City of Bremen,2018-12-13,Carsten Sieling
Hermann Ebbinghaus,1904-04-01,University of Wrocław
Erwin Finlay-Freundlich,1905-02-03,Leipzig University
Wang Guoming,2010-08-20,Dalian Shide F.C.
Tip O'Neill,1977-11-10,Speaker of the United States House of Representatives
Vincent Ostrom,1951-07-02,University of Oregon
France men's national volleyball team,1987-08-10,Éric Daniel
Quezon City,2004-08-01,"Feliciano Belmonte, Jr."
Joey Ryan Gundok,2009-01-01,Brunei DPMM FC
A.E.K. Athens F.C.,2019-10-31,Nikos Kostenoglou
International Tribunal for the Law of the Sea,2019-01-24,Jin-Hyun Paik
"James Prior, Baron Prior",1969-09-27,Member of the 44th Parliament of the United Kingdom
Allgemeiner Deutscher Fahrrad-Club,2016-10-17,Ulrich Syberg
Maximilian Herzberger,1928-11-06,Carl Zeiss AG
Nuremberg,1994-04-22,Peter Schönlein
Vologda,2017-05-16,Yury Sapozhnikov
Clarice Phelps,2018-10-13,University of Texas at Austin
"Sir William Curtis, 1st Baronet",1826-10-21,Member of the 8th Parliament of the United Kingdom
Sandro Wolfinger,2007-01-01,Liechtenstein national under-17 football team
"Industrial Union of Chemicals, Glass and Ceramics",1987-11-29,Edith Weber
Chamber of Deputies,2004-07-26,Jean Asselborn
"John Russell, 1st Earl Russell",1866-03-03,Prime Minister of the United Kingdom
Helga Hernes,1992-10-24,State Secretary
Daniele Delli Carri,1997-08-09,Piacenza Calcio
German Democratic Republic,1968-10-03,Walter Ulbricht
Jackie Baillie,2011-02-20,Member of the 3rd Scottish Parliament
Güven Gürsoy,2014-01-01,Üsküdar Anadolu SK
Jóannes Patursson,1909-06-14,New Self-Government
"Sir Walter Nugent, 4th Baronet",1910-07-25,Member of the 29th Parliament of the United Kingdom
Catalan Unity,2014-12-11,Brice Lafontaine
"John Diamond, Baron Diamond",1951-02-08,Member of the 39th Parliament of the United Kingdom
ITV plc,2008-02-12,Michael Grade
Juan José Muñante,1974-06-20,Atlético Español
Glynn Snodin,1993-07-10,Barnsley F.C.
MKE Ankaragücü,2022-04-15,Mustafa Dalcı
Laurens Perseus Hickok,1861-04-19,Union College
Alfred H. Clifford,1951-12-22,United States Army
William Taylor Copeland,1860-07-02,Member of the 18th Parliament of the United Kingdom
FC Vorskla Poltava,2021-06-06,Yuriy Maksymov
Vienna,1991-04-25,Helmut Zilk
Prats de Lluçanès,2021-08-19,Jordi Bruch i Franch
Gerry Hitchens,1960-02-08,Aston Villa F.C.
Johannes Teyssen,1998-03-12,Hastra
Romulus Miclea,2010-02-04,CS Gaz Metan Mediaș
Mauricio Alfaro,1988-01-23,Cojutepeque F.C.
Roger Scruton,2016-07-05,University of Buckingham
"Charles Wentworth-Fitzwilliam, 5th Earl Fitzwilliam",1819-04-03,Member of the 6th Parliament of the United Kingdom
Dugdale Dugdale,1820-02-28,Member of the 6th Parliament of the United Kingdom
Eduardo Hernández-Sonseca,2011-01-09,CB Valladolid
Jack Mustard,1928-06-23,Queens Park Rangers F.C.
"Alfred Robens, Baron Robens of Woldingham",1954-08-11,Representative of the Parliamentary Assembly of the Council of Europe
United States Department of State,2019-04-12,Mike Pompeo
"Alfred Robens, Baron Robens of Woldingham",1950-04-09,Member of the 39th Parliament of the United Kingdom
"Charles Wentworth-Fitzwilliam, 5th Earl Fitzwilliam",1830-09-17,Member of the 9th Parliament of the United Kingdom
château d'Anet,1865-02-16,Ferdinand Moreau
Kyle Macy,1989-06-24,Pallacanestro Treviso
Federico Freire,2012-11-02,C.A. Vélez Sarsfield
George Windsor-Clive,1924-11-03,Member of the 34th Parliament of the United Kingdom
Masir Kujat,2022-08-29,independent politician
"Sir Richard Paget, 1st Baronet",1876-09-22,Member of the 21st Parliament of the United Kingdom
William Taylor Copeland,1846-08-13,Member of the 14th Parliament of the United Kingdom
"Frederick Elwyn Jones, Baron Elwyn-Jones",1977-11-27,Member of the House of Lords
Esch-sur-Alzette,1968-08-03,Jules Schreiner
Sergio Villalobos,2000-09-15,University Finis Terrae
Hans Fredrik Grøvan,2004-04-16,mayor of Lyngdal
Enoch Powell,1953-11-27,Member of the 40th Parliament of the United Kingdom
Susan J. Smith,2007-12-31,Durham University
William Plumer,1780-02-08,Member of the 14th Parliament of Great Britain
Daniel Scioli,2018-05-22,member of the Argentine Chamber of Deputies
Sergio Villalobos,1991-10-17,University of Cambridge
Adrian Năstase,1992-11-22,Democratic National Salvation Front
Enosis Neon Paralimni FC,2022-03-28,Marinos Satsias
David McClarty,2006-12-11,Member of the 2nd Northern Ireland Assembly
R.N. Upadhyaya,1965-07-17,Communist Party of India (Marxist)
Henry Hobhouse,1889-10-27,Member of the 24th Parliament of the United Kingdom
KwaZulu-Natal,1995-11-18,Frank Mdlalose
Samuel Whitbread,1886-01-25,Member of the 23rd Parliament of the United Kingdom
Samuel Whitbread,1892-09-22,Member of the 25th Parliament of the United Kingdom
Evelyn Gitau,2003-09-16,The Open University
Geoffrey Doumeng,2004-05-16,A.S. Nancy-Lorraine
Economic Community of West African States,1999-01-11,Alpha Oumar Konaré
Nicholas de Roumanie-Medforth-Mills,2010-12-29,"Royal Holloway, University of London"
Russia,2002-08-05,Mikhail Kasyanov
Gilbert Dussier,1976-10-20,Luxembourg national football team
World Wide Fund for Nature,1997-02-02,Syed Babar Ali
NK Slaven Belupo,2018-11-10,Vedran Purić
Walter Clegg,1974-07-30,Member of the 46th Parliament of the United Kingdom
Hamburg,1979-04-22,Hans-Ulrich Klose
Embassy of Ukraine in Greece,2001-08-21,Victor Kalnik
Tennessee State University,1993-02-22,James A. Hefner
Uruguay,2021-10-22,Luis Lacalle Pou
David Newth,1961-05-11,Middlesex School
Fremantle Football Club,1996-11-26,Gerard Neesham
Economic Community of West African States,2015-03-26,John Mahama
Claire Wyart,1998-10-15,École normale supérieure  (Paris)
Georgia,2020-05-28,Giorgi Gakharia
Jason Price,2011-08-19,Morecambe F.C.
Davor Jozić,1985-08-15,F.K. Sarajevo
Ernie Thompson,1938-09-22,Gateshead F.C.
Susan Weintraub,1963-03-14,University of Pennsylvania
Hugo Pina,2020-10-03,U.D. Leiria
José Joaquín de Olmedo,1819-01-01,Vicente Ramón Roca
Kōichirō Genba,2021-01-14,Constitutional Democratic Party of Japan
Morsø Municipality,2005-02-06,Egon Pleidrup Poulsen
Confederation of Independent Trade Unions of Luxembourg,2010-10-03,Jean-Claude Reding
Robin de Kruijf,2022-07-25,VakıfBank SK
Plzeň,1990-07-01,Stanislav Loukota
Panagiotis Kanellopoulos,1946-04-15,Minister without portfolio of Greece
Jürgen Pahl,1975-02-21,Hallescher FC
Steve Jones,2013-02-19,Airbus UK Broughton F.C.
Thomas Lengauer,1986-09-14,University of Paderborn
Neil Redfearn,1998-05-15,Charlton Athletic F.C.
Raj Kumar Yadav,2022-02-07,Central University of Punjab
Kevin Anderson,2010-03-23,University of Maryland
Niall Ferguson,1998-08-30,University of Oxford
Dominican Republic,1980-04-18,Antonio Guzmán Fernández
William Taylor Copeland,1857-08-13,Member of the 17th Parliament of the United Kingdom
TSG 1899 Hoffenheim,2021-01-05,Sebastian Hoeneß
Lawrence Heaney,1986-07-03,Smithsonian Institution
Adrian Năstase,2006-08-16,Social Democratic Party
Morsø Municipality,2014-12-01,Hans Ejner Bertelsen
Andrés Chadwick,1993-08-03,deputy of Chile
Frederick Valentine Atkinson,1939-06-22,Magdalen College
Pierre Renouvin,1955-04-12,dean
George Daggar,1950-03-13,Member of the 39th Parliament of the United Kingdom
James McFadden,2011-05-27,Everton F.C
NTV,2000-02-28,Media-Most
Sidney W. Bijou,1998-06-20,"University of Nevada, Reno"
Hamburg,1961-08-06,Paul Nevermann
Marco Delvecchio,1996-04-01,A.S. Roma
Manuel García Velarde,1963-09-30,University of Madrid
Woman with a Parrot,1883-01-24,Jules Bordet
Cádiz,1923-06-20,Francisco Clotet y Miranda
Anna Mullikin,1922-11-23,Franklin Learning Center
Bernhard Schölkopf,1998-05-07,Forschungszentrum Informationstechnik
Dirk Helbing,2019-01-21,ETH Zürich
Onur Kıvrak,2013-10-24,Turkey national association football team
Annechien Steenhuizen,2005-12-18,RTV Utrecht
David K. Levine,2021-04-12,European University Institute
João Carlos Rocha Vicente,2009-08-22,Moreirense F.C.
Neil Redfearn,1988-12-08,Crystal Palace F.C.
Legia Warsaw,1966-01-26,Longin Janeczek
United States Department of State,2021-08-17,Antony Blinken
Johannes Hougen,1899-07-07,deputy member of the Parliament of Norway
Erwin Finlay-Freundlich,1906-09-16,University of Göttingen
Alessandro Armenise,2022-08-22,F.C. Pro Vercelli 1892
Jacques Piette,1975-07-06,Socialist Party
Paddy Sowden,1946-02-17,Blackpool F.C.
Bill Brown,1966-07-14,Gillingham F.C.
Lord Douglas Gordon-Hallyburton,1838-12-24,Member of the 13th Parliament of the United Kingdom
Terry Bradbury,1960-01-27,Chelsea F.C.
Taitung County,2014-10-26,Justin Huang
Karen Keskulla Uhlenbeck,1988-01-01,University of Texas at Austin
Dave Connell,1990-08-17,Shamrock Rovers F.C
Steve Jones,2014-03-27,Nantwich Town F.C.
People's Republic of China,1973-10-10,Zhou Enlai
Free Hanseatic City of Bremen,1989-02-05,Klaus Wedemeier
"Sir Horace Rumbold, 9th Baronet",1926-02-20,ambassador of the United Kingdom to Spain
Italian Radicals,2002-03-27,Luca Coscioni
"Paris Observatory, PSL University",2018-12-29,Claude Catala
i,2021-01-10,Daily Mail and General Trust
Arthur Nordlie,1949-10-27,party leader
Victor Ambartsumian,1928-05-16,Pulkovo Observatory
Orhan Şam,2007-08-19,Turkey national under-21 football team
Civic Choice,2014-01-09,Alberto Bombassei
Vernon Coaker,2022-01-20,Substitute member of the Parliamentary Assembly of the Council of Europe
People's Republic of China,1986-11-22,Li Xiannian
Roger Scruton,1994-03-12,Boston University
John Tyler,1829-08-19,Democratic Party
Romania,1938-01-31,Octavian Goga
Jönköping County,2020-07-23,Helena Jonsson
Claremont Colleges,1974-04-07,Barnaby Keeney
Sammy Wilson,2022-02-24,Member of the 58th Parliament of the United Kingdom
"Miguel Primo de Rivera, 2nd Marquis of Estella",1925-08-01,High Commissioner of Spain to Morocco
Marcel Ciolacu,2006-11-15,Social Democratic Party
Erwin Finlay-Freundlich,1903-11-29,Technische Hochschule Berlin
Ernie Thompson,1928-01-01,Carlisle United F.C.
Legia Warsaw,1992-03-16,Krzysztof Etmanowicz
Bertha Swirles,1927-09-16,University of Göttingen
Annette Dittert,1984-07-20,Westdeutsche Allgemeine Zeitung
Sammy Wilson,2007-09-23,Member of the 3rd Northern Ireland Assembly
Chester Bowles,1964-05-12,United States Ambassador to India
Arnold D'Arcy,1961-05-24,Swindon Town F.C.
Cecilia Salvai,2017-10-16,Italy women's national football team
Jim McDermott,1977-09-23,member of the State Senate of Washington
Fredrik Magnus Cronberg,1721-10-26,governor of Uppsala County
University Sorbonne Nouvelle,1989-09-12,Robert Ellrodt
Panathinaikos F.C.,2011-01-31,Jesualdo Ferreira
Jacob Bright,1877-08-25,Member of the 21st Parliament of the United Kingdom
F.C. Crotone,2022-08-17,Franco Lerda
Kōichirō Genba,1994-02-05,New Party Sakigake
Claudio Martini,2018-03-20,member of the Italian Senate
"John Russell, 1st Earl Russell",1839-09-23,Member of the 13th Parliament of the United Kingdom
Lee Anna Clark,2013-07-26,University of Notre Dame
Dortmund,2002-02-08,Gerhard Langemeyer
Roger Moret,1980-02-21,Cleveland Indians
Pedro Alejandrino del Solar,1886-05-28,Member of the Chamber of Deputies of Peru
Szolem Mandelbrojt,1919-03-20,National University of Kharkiv
Stanford Lyman,1985-01-01,Florida Atlantic University
Christian Zetlitz Bretteville,1841-01-01,mayor of Oslo
David Casasnovas,2004-05-26,FC La Chaux-de-Fonds
Herbert Sausgruber,1989-11-21,Landesrat
Glynn Snodin,1986-10-21,Sheffield Wednesday F.C.
Seán Flanagan,1965-01-28,Representative of the Parliamentary Assembly of the Council of Europe
Khaled Koubaa,2014-08-16,Google
Primrose Hill Tunnel,1929-12-30,"London, Midland and Scottish Railway"
Willy Scheepers,1989-01-21,FC Zürich
Randy Shannon,2014-07-02,Arkansas Razorbacks
PEC Zwolle,2020-11-02,John Stegeman
Gerardo Berodia,2000-01-11,CD El Álamo
Ángel Bernuncio,1998-05-23,Juventud Antoniana
Michael Fallon,2016-03-31,Secretary of State for Defence
Lee Anna Clark,1992-12-23,Southern Methodist University
Jerzy Neyman,1942-03-04,"University of California, Berkeley"
Mannheim,2002-07-08,Gerhard Widder
Reg Cutler,1957-01-05,AFC Bournemouth
Jerzy Neyman,1929-05-08,Nencki Institute of Experimental Biology
Canada,2015-02-25,Stephen Harper
John M. Lilley,1982-06-25,Penn State Erie
Gareth Evans,1998-02-10,"Delegate to the Australian Constitutional Convention, 1998"
Daniel Novac,2012-02-13,FC Sportul Studențesc București
Ugo Gabrieli,2013-01-01,A.S. Casale Calcio
Stanford Lyman,1962-10-24,University of British Columbia
French Prehistoric Society,2020-05-09,Claire Manen
Romania,1897-04-10,Petre S. Aurelian
Roman Catholic Diocese of Gaspé,1951-01-01,Albini LeBlanc
Dochia,2013-03-18,Iulian-Gheorghe Ciubotaru
Giuseppe Pisanu,2005-04-18,Forza Italia (1994)
Bristol Rovers F.C.,2019-06-25,Graham Coughlan
Râșnov,2019-10-07,Liviu Butnaru
Kyōto Prefecture,1868-11-15,Nobuatsu Nagatani
Chamber of Deputies,1866-06-24,Michel Witry
Kyle Macy,1975-08-03,Purdue Boilermakers men's basketball
Robin de Kruijf,2009-02-13,TVC Amstelveen
Oliver Dimon Kellogg,1901-03-29,University of Göttingen
Ralph Duncan James,1932-01-05,California Institute of Technology
Aimé Lavie,2005-08-16,FC Sète
Charles Morris,1967-11-28,Member of the 44th Parliament of the United Kingdom
Vincent Ostrom,1946-06-01,University of Wyoming
Cedrick Hordges,1992-02-14,Estudiantes de Bahía Blanca
Hamburg,1969-07-04,Herbert Weichmann
Dejan Mezga,2010-11-02,NK Maribor
Khaled Koubaa,2016-09-06,ICANN
Joaquín Manglano Cucaló de Montull,1919-08-03,Member of the Congress of Deputies
Johann Radon,1945-11-01,University of Innsbruck
FC Bayern Munich,1995-06-03,Giovanni Trapattoni
Brazilian Academy of Sciences,1981-10-12,Maurício Peixoto
Jürgen Pahl,1988-03-04,Çaykur Rizespor
Frederick M. Bernthal,1964-01-01,Argonne National Laboratory
FK Kom,2021-10-18,Radislav Dragićević
Ahmed Reda Tagnaouti,2013-03-18,Mohammed VI Football Academy
Brandenburg,2008-04-05,Matthias Platzeck
Walid Azaro,2016-06-03,Difaa El Jadida
Orhan Şam,2003-04-27,Turkey national under-19 football team
MKE Ankaragücü,2021-03-09,Hikmet Karaman
Mike McCartney,1988-03-15,Gretna F.C.
Tennessee State University,2013-12-09,Glenda Glover
George Windsor-Clive,1933-10-10,Member of the 36th Parliament of the United Kingdom
Djelal Kadir,1997-01-01,Pennsylvania State University
David McClarty,2002-10-13,Member of the 1st Northern Ireland Assembly
United States Department of State,1970-05-13,William P. Rogers
Bruno Lemaitre,2004-07-03,Centre de Génétique Moléculaire
Andrew Robathan,2012-01-31,Member of the 55th Parliament of the United Kingdom
Jo Grimond,1965-06-26,leader of the Liberal Party
Wong He,2017-07-05,Now TV
Phyllis Fox,1945-06-20,General Electric
William Taylor Copeland,1835-05-25,Member of the 12th Parliament of the United Kingdom
Legia Warsaw,1930-06-04,Józef Kałuża
Chicago,1905-05-13,Edward Fitzsimmons Dunne
Nantou County,2006-02-01,Lee Chao-ching
Mike McCartney,1971-03-27,West Bromwich Albion F.C.
"Sir Frederick Thomson, 1st Baronet",1920-05-15,Member of the 31st Parliament of the United Kingdom
Skælskør Municipality,2001-04-18,Hans Christian Nielsen
International Bobsleigh and Skeleton Federation,1998-07-03,Robert H. Storey
Jasmin Moranjkić,2007-02-10,NK Čelik Zenica
Billy Hughes,1919-10-23,Nationalist Party of Australia
"Charles-Joseph, 4th Duke d'Ursel",1813-11-22,mayor of Brussels
Economic Community of West African States,2011-08-03,Goodluck Jonathan
John George Adami,1903-07-23,McGill University
Ann Winterton,1994-04-11,Member of the 51st Parliament of the United Kingdom
Jero Miñarro,1998-10-11,Rayo Vallecano
Security Service of Ukraine,1998-11-06,Leonid Derkach
F.C. Crotone,2019-01-08,Giovanni Stroppa
Aulnay-sous-Bois,1974-07-12,Robert Ballanger
Scott Flinders,2012-02-27,Hartlepool United F.C.
Lawrence Heaney,1972-12-13,University of Minnesota
Lutheran Church--Missouri Synod,2004-04-02,Gerald B. Kieschnick
Władysław Orlicz,1920-05-28,Lviv Polytechnic
Modeste M'bami,2004-12-08,Paris Saint-Germain F.C.
Cem Can,2003-02-10,İstanbulspor A.Ş.
Regional Council of Lombardy,2007-02-23,Ettore Adalberto Albertoni
Jules Reimerink,2009-03-16,FC Twente
Jackie Baillie,2001-05-09,Member of the 1st Scottish Parliament
Roger Moret,1972-04-24,Boston Red Sox
Peter Griffiths,1994-08-27,Member of the 51st Parliament of the United Kingdom
Marco Piccinni,2012-07-21,A.S.D. Barletta 1922
Scottish Parliament,2011-09-11,Tricia Marwick
Tennis Borussia Berlin,2013-12-28,Markus Schatte
Marilyn Strathern,2003-10-29,University of Cambridge
People's Republic of China,1961-04-09,Liu Shaoqi
Chicago,1948-12-17,Martin H. Kennelly
Robert Fullilove,1962-05-30,Colgate University
"William Hayes Fisher, 1st Baron Downham",1912-07-31,Member of the 30th Parliament of the United Kingdom
William Plumer,1806-12-01,Member of the 3rd Parliament of the United Kingdom
Sofie Carsten Nielsen,2008-08-25,"Danish Ministry of Children, Gender Equality, Integration and Social Affairs"
FC Shakhtyor Salihorsk,2017-02-28,Oleg Kubarev
Sammy Wilson,2016-01-24,Member of the 56th Parliament of the United Kingdom
Luís Manuel Ferreira Delgado,2006-08-26,Angola national football team
Güven Gürsoy,2015-08-08,Kırıkhanspor
Anne Lucy Bosworth Focke,1898-11-03,University of Göttingen
Stuart Waterton,1996-01-24,Oxfordshire County Cricket Club
Naruphol Ar-Romsawa,2016-01-24,Buriram United F.C.
James Brokenshire,2008-09-24,Member of the 54th Parliament of the United Kingdom
Gottfried Köthe,1928-07-11,University of Göttingen
Riccardo Gagliolo,2018-01-01,Parma Calcio 1913
Lukas Mössner,2017-09-15,Floridsdorfer AC
Hamburg,1973-10-07,Peter Schulz
"William Penney, Baron Penney",1934-09-21,University of Cambridge
Marian Pepler,1927-05-20,Architectural Association School of Architecture
People's Party of the Basque Country,1991-10-21,Jaime Mayor Oreja
Confédération des syndicats nationaux,2012-12-19,Jacques Létourneau
Archibald James Macintyre,1953-04-02,University of Aberdeen
Gustave Choquet,1938-05-31,Princeton University
"Ildefonso Díez de Rivera, Count of Almodóvar",1840-05-22,President of the Spanish Senate
Bonar Law,1922-10-28,Prime Minister of the United Kingdom
Allgemeiner Deutscher Fahrrad-Club,1982-12-09,Anne Modersohn
Hans Bethe,1926-04-28,Ludwig Maximilian University of Munich
Nuremberg,2021-05-24,Marcus König
Jero Miñarro,2009-08-29,Lorca Deportiva CF
Friedrich Leo,1888-06-17,University of Strasbourg
FC Bayern Munich,2018-09-30,Niko Kovač
Orhan Şam,2001-01-24,Gençlerbirliği S.K.
Vootele Hansen,2010-12-08,Social Democratic Party
Mende,2020-01-20,Alain Bertrand
"Miguel Primo de Rivera, 2nd Marquis of Estella",1926-08-18,President of the Council of Ministers
Mikel Antía Mendiaraz,1993-05-20,Real Madrid Cddastilla
International Olympic Committee,1946-12-17,Sigfrid Edström
Democratic Convergence of Catalonia,2016-12-26,Jacint Borràs i Manuel
Seán Moylan,1952-03-17,Minister for Education and Skills
Munich,1924-07-11,Eduard Schmid
Antoine Compagnon,1970-05-28,École polytechnique
Monika Zuchniak-Pazdan,2001-08-16,Chancellery of the Prime Minister of Poland
Gijs Bakker,1998-09-15,Design Academy Eindhoven
Order of Vittorio Veneto,1999-08-22,Carlo Azeglio Ciampi
Sebastián Edwards,1991-01-24,UCLA Anderson School of Management
Nuremberg,1915-08-12,Otto Gessler
FC Bayern Munich,2010-05-07,Louis van Gaal
Russia,1992-10-16,Yegor Gaidar
Aleksander Rajchman,1908-03-07,University of Paris
Kyōto Prefecture,1921-10-01,Raizo Wakabayashi
Masahisa Fujita,2005-10-07,"Institute of Economic Research, Kyoto University"
Ermis Aradippou FC,2016-07-21,Nikos Panayiotou
Jason Price,2011-01-01,Carlisle United F.C.
I. J. Good,1962-09-23,Institute for Defense Analyses
Jukka Sauso,2007-04-13,Helsingin Jalkapalloklubi
Seán Moylan,1956-06-15,Representative of the Parliamentary Assembly of the Council of Europe
Amos Yong,1999-04-08,Bethany University
Miloslav Penner,1996-01-18,MFK Karviná
Gunnar Skaug,1974-02-22,deputy member of the Parliament of Norway
Fredrik Magnus Cronberg,1711-05-20,regiment commander
Bruno Lemaitre,2016-06-16,École polytechnique fédérale de Lausanne
Dominican Republic,2001-04-02,Hipólito Mejía
David Newth,1969-08-03,University of Glasgow
Reading F.C.,2022-04-12,Paul Ince
Brandenburg an der Havel,2002-11-19,Helmut Schmidt
"Charles Wentworth-Fitzwilliam, 5th Earl Fitzwilliam",1844-09-20,Member of the House of Lords
Belkacem Zobiri,2012-07-16,USL Dunkerque
Marco Verratti,2020-01-06,Paris Saint-Germain F.C.
Yves Calvi,2016-03-09,LCI
George Barger,1906-01-14,Wellcome Research Laboratories
North Stafford Hotel,1885-06-06,North Staffordshire Railway
Gerardo Berodia,2001-04-30,DAV Santa Ana
Güven Gürsoy,2014-12-25,Sakaryaspor
Patrick Joseph O'Brien,1900-07-31,Member of the 26th Parliament of the United Kingdom
Esch-sur-Alzette,2022-02-11,Georges Mischo
"Sir Frederick Thomson, 1st Baronet",1931-09-24,Member of the 35th Parliament of the United Kingdom
Enric Tarrado Vives,1995-08-07,National Democratic Group
Clive Ballard,2006-05-13,Alzheimer's Society
Paddy Sowden,1958-04-15,Wrexham A.F.C.
Romania,1940-07-22,Ion Gigurtu
Gottfried Köthe,1930-11-16,University of Münster
Chicago,1844-01-31,Alson Sherman
Sergio Chiamparino,2020-01-27,Democratic Party
Matt Caution,1998-02-05,Cincinnati Riverhawks
Herbert Sausgruber,1986-09-10,Member of Landtag of Vorarlberg
"John Diamond, Baron Diamond",1965-06-12,Chief Secretary to the Treasury
Czech Social Democratic Party,2016-05-14,Bohuslav Sobotka
Economic Community of West African States,1993-10-15,Nicéphore Soglo
Cyril Granon,1992-09-30,F.C. Lorient
Naruphol Ar-Romsawa,2005-12-25,Thailand national under-20 football team
Delta Air Lines,1991-10-17,Ronald W. Allen
Brayan Perea,2014-11-10,A.C. Perugia Calcio
Simon Streatfeild,1953-01-29,London Symphony Orchestra
Claudio Martini,2010-04-10,president of Tuscany
Anton Schumacher,1959-09-09,Bonner SC
Aimé Lavie,2009-01-01,Hakoah Amidar Ramat Gan F.C.
"Charles Wentworth-Fitzwilliam, 5th Earl Fitzwilliam",1831-04-30,Member of the 10th Parliament of the United Kingdom
"Sir Roger Conant, 1st Baronet",1952-02-22,Member of the 40th Parliament of the United Kingdom
Clube Desportivo das Aves,2012-01-10,Paulo Fonseca
Susan Weintraub,1968-10-11,Trinity University
Skanderborg Municipality,2009-12-08,Jens Grønlund
International Tribunal for the Law of the Sea,2001-12-17,P. Chandrasekhara Rao
Hendrik Kloosterman,1921-09-20,Leiden University
Romania,2015-11-27,Dacian Cioloș
Franz Karasek,1971-05-05,Substitute member of the Parliamentary Assembly of the Council of Europe
Hvidovre Municipality,2010-07-12,Milton Graff Pedersen
Arnold Shaw,1976-06-16,Member of the 47th Parliament of the United Kingdom
Daniele Delli Carri,2005-10-13,Delfino Pescara 1936
James Brokenshire,2015-11-13,Member of the 56th Parliament of the United Kingdom
Niall Ferguson,1990-12-23,University of Cambridge
PEN International,1923-09-14,John Galsworthy
George McVitie,1981-06-15,Queen of the South F.C.
Goswin de Stassart,1812-11-05,Prefect of Bouches-de-la-Meuse
Nantou County,1995-10-21,Lin Yuan-lang
Randolfo Pacciardi,1952-01-29,Italian Minister of Defence
"David Lindsay, 28th Earl of Crawford",1932-08-24,Member of the 36th Parliament of the United Kingdom
David Maclean,1988-10-14,Member of the 50th Parliament of the United Kingdom
Lamia F.C.,2019-05-07,Makis Chavos
"Sir Charles Burrell, 3rd Baronet",1822-07-07,Member of the 7th Parliament of the United Kingdom
Nol van der Vin,1957-12-25,Penang F.C.
Řád národa,2013-01-08,Karolína Peake
Neil Danns,2019-09-19,Guyana national football team
Kyōto Prefecture,1940-04-02,Jitsuzō Kawanishi
Sergio Codognato,1969-06-10,S.E.F. Torres 1903
Rudolf Haag,1956-10-24,Max Planck Institute for Physics
Raj Kumar Yadav,2012-03-03,Smt. Shanti Devi Law College
Lyman Spitzer,1938-12-06,Harvard University
Arthur Roche,2001-12-25,Catholic bishop
Deborah Sugg Ryan,2009-03-05,Falmouth University
Edward Royd Rice,1838-09-20,Member of the 13th Parliament of the United Kingdom
Alexis Alexandrou,2001-08-27,Ethnikos Achna FC
Ivory Coast national football team,2019-01-15,Ibrahim Kamara
Naim Kryeziu,1951-10-30,S.S.C. Napoli
Bill Brown,1962-08-08,Romford F.C.
Arthur Roche,2022-10-02,Catholic bishop
Civic Choice,2022-03-24,Mariano Rabino
People's Party of the Basque Country,2021-10-31,Carlos José Iturgaiz Angulo
Yaser Karami,2010-08-08,Saba Qom F.C.
Kotaro Yamazaki,1995-01-01,Japan national under-17 football team
Eduardo Hernández-Sonseca,2006-09-23,Real Madrid Baloncesto
Boubacar Sanogo,2015-01-01,NorthEast United FC
"David Lindsay, 28th Earl of Crawford",1930-07-24,Member of the 35th Parliament of the United Kingdom
Hua Luogeng,1947-02-23,Institute for Advanced Study
Michael Purugganan,2002-06-19,North Carolina State University
Ken Murph,2021-12-07,Tesco
FC Vorskla Poltava,2012-08-31,Serhiy Svystun
Audrey Eagle,1941-04-08,Fulham Cross Girls' School and Language College
John W. Oswald,1963-07-11,University of Kentucky
Ajit Pai,2002-02-26,Verizon
Mons,1973-11-30,Leo Collard
"Hugh Foot, Baron Caradon",1964-01-08,"Permanent Representative of the United Kingdom to the United Nations, New York"
James Christopher Flynn,1901-12-02,Member of the 27th Parliament of the United Kingdom
Lutheran Church--Missouri Synod,2001-01-01,Robert T. Kuhn
Wilhelm Flügge,1945-06-24,Office National d'Études et de Recherches Aérospatiales
FC Viktoria Plzeň,2020-03-22,Adrián Guľa
Max Volmer,1931-04-10,Technische Hochschule Berlin
William Dougal Christie,1855-10-12,ambassador of the United Kingdom to Argentina
Esch-sur-Alzette,2017-08-02,Vera Spautz
Neil Danns,2012-01-01,Bristol City F.C.
"Sir Richard Paget, 1st Baronet",1866-12-25,Member of the 19th Parliament of the United Kingdom
TSC Bačka Topola,2018-09-22,Zoltan Sabo
R.S.C. Anderlecht,2020-03-29,Franky Vercauteren
Erich Habitzl,1950-07-21,Austria national association football team
Brazilian Academy of Sciences,1992-12-03,Oscar Sala
Malemngamba Meetei,2009-01-01,North Imphal Sporting Association
Panathinaikos F.C.,2006-09-26,Jasminko Velić
Free Hanseatic City of Bremen,1967-06-09,Willi Dehnkamp
Edgar Rees Jones,1922-06-10,Member of the 31st Parliament of the United Kingdom
Daniel O'Connell,1837-04-21,Member of the 12th Parliament of the United Kingdom
Rudy Wijnands,2002-10-08,University of St Andrews
Glynn Snodin,1992-04-12,Heart of Midlothian F.C.
Gabriel Simion,2018-07-01,FC Steaua București
Brian Hornsby,1984-10-03,IK Brage
Yves Deroff,1997-01-01,France national under-18 football team
Confédération des syndicats nationaux,2002-02-10,Claudette Carbonneau
Panathinaikos F.C.,2020-10-17,Sotiris Silaidopoulos
Bethany Hall-Long,2020-02-25,Lieutenant Governor of Delaware
Jim McLaughlin,1957-10-26,Derry City F.C.
Juan Cuevas Perales,1854-09-07,Valencia Cathedral
Nuremberg,1948-09-10,Otto Ziebill
Union for a Popular Movement,2013-08-14,Jean-François Copé
Joaquín Manglano Cucaló de Montull,1961-06-10,procurador en Cortes
USSR Ministry of Health,1987-07-10,Yevgeniy Chazov
Soviet Union,1987-08-15,Nikolai Ryzhkov
Soviet Union,1928-06-06,Alexei Rykov
Eliakim Hastings Moore,1914-01-01,University of Chicago
David Maclean,2004-12-24,Member of the 53rd Parliament of the United Kingdom
Dejan Mezga,2005-01-27,NK Čakovec
Jonathan Bennett,1970-04-05,University of British Columbia
Prats de Lluçanès,2018-05-26,Isaac Peraire Soler
FC Zbrojovka Brno,2022-10-25,Richard Dostálek
Frederick Fung,1969-07-06,Shau Kei Wan Government Secondary School
"George Kemp, 1st Baron Rochdale",1887-02-02,Trinity College
Degerfors IF,2011-09-09,Patrik Werner
Anthony Henry Ashley-Cooper,1843-12-08,Member of the 14th Parliament of the United Kingdom
Boubacar Sanogo,2006-01-03,Ivory Coast national football team
Ajit Pai,2011-03-12,Federal Communications Commission
Nicholas de Roumanie-Medforth-Mills,2022-09-09,University of Alberta
Tip O'Neill,1961-10-01,United States representative
David Bory,2003-04-14,ASM Clermont Auvergne
Philipp August Böckh,1808-06-27,Heidelberg University
Marian Pepler,1922-10-17,Croydon College
Eduardo Hernández-Sonseca,2012-01-01,Saski Baskonia
Tennis Borussia Berlin,1999-08-27,Winfried Schäfer
Regional Council of Lombardy,2011-08-31,Davide Boni
"Food, Beverages and Catering Union",2021-08-10,Guido Zeitler
Pierre Bénichou,1979-06-27,L'Obs
George Windsor-Clive,1924-07-26,Member of the 33rd Parliament of the United Kingdom
Thierry Roland,1989-02-24,RTL
PEN International,1991-11-16,György Konrád
Gloria Negrete McLeod,2008-08-07,member of the State Senate of California
Pier Luigi Bersani,1991-02-22,Democratic Party of the Left
Râșnov,2020-12-17,Liviu-Călin Butnariu
Alexander Grothendieck,1948-02-06,École normale supérieure  (Paris)
Johns Hopkins University,1901-03-17,Daniel Coit Gilman
Woman with a Parrot,1866-07-21,Gustave Courbet
Fernando Martín Carreras,2013-07-02,Ontinyent CF
Jacob Bright,1888-10-25,Member of the 24th Parliament of the United Kingdom
Hrushikesh Naik,1999-06-27,Member of the Eleventh Odisha Legislative Assembly
"Sir James Bourne, 1st Baronet",1868-07-19,Member of the 19th Parliament of the United Kingdom
Nicolás Salmerón y Alonso,1903-09-11,Republican Union
Zoran Slišković,1989-12-02,F.K. Željezničar Sarajevo
Jerzy Buzek,1999-04-11,Solidarity Electoral Action
German Democratic Republic,1989-11-14,Egon Krenz
Steve Butler,1992-09-02,Cambridge United F.C.
Wolfram von Soden,1966-02-15,University of Münster
Harry Pursey,1959-01-10,Member of the 41st Parliament of the United Kingdom
A.E.K. Athens F.C.,2022-06-22,Sokratis Ofrydopoulos
Macchambes Younga-Mouhani,2011-08-01,FC Wegberg-Beeck
Matt Caution,2000-01-01,Buffalo Blizzard
Dortmund,2017-08-23,Ullrich Sierau
John Crank,1946-03-08,Courtaulds
Dirk Jan Struik,1924-09-09,Sapienza University of Rome
Alexander Grothendieck,1949-03-17,Nancy-Université
Alois Musil,1922-10-10,Charles University
Jewel Plummer Cobb,1941-11-07,University of Michigan
Edward Stanley,1883-12-16,Member of the 22nd Parliament of the United Kingdom
United States Commission of Fine Arts,1951-08-09,"David E. Finley, Jr."
Alessandro Armenise,2006-12-10,A.S.D. Fidelis Andria 1928
"Sir Charles Warde, 1st Baronet",1902-11-23,Member of the 27th Parliament of the United Kingdom
Seán Flanagan,1981-09-20,member of the European Parliament
Mustafa Peštalić,1986-01-17,HNK Šibenik
Anthony Henry Ashley-Cooper,1835-08-26,Member of the 12th Parliament of the United Kingdom
FK Kom,2019-02-08,Viktor Trenevski
France men's national volleyball team,1994-04-05,Jean-Michel Roche
Louis Bachelier,1933-01-05,University of Franche-Comté
Australia national rugby union team,2000-01-06,Rod Macqueen
Geoffrey Doumeng,2005-02-25,Valenciennes F.C.
Anne Lucy Bosworth Focke,1889-05-27,Wellesley College
John W. Oswald,1973-11-02,Pennsylvania State University
Carlo Rovelli,2005-12-28,University of the Mediterranean - Aix Marseille II
J. D. White,1912-05-17,Member of the 30th Parliament of the United Kingdom
Djelal Kadir,1994-05-09,University of Oklahoma
Johannes Teyssen,1999-02-26,Avacon
Mikaël Cantave,2020-09-27,CD Talamanca
Peter Houtman,1990-03-07,Sparta Rotterdam
Gerry Hitchens,1961-12-22,FC Inter Milan
James Christopher Flynn,1890-03-17,Member of the 24th Parliament of the United Kingdom
Jero Miñarro,2002-04-21,Torredonjimeno CF
José Echegaray,1874-05-08,Minister of the Treasury of Spain
Nathan Gregory Silvermaster,1938-03-26,Maritime Labor Board
"James Prior, Baron Prior",1961-06-11,Member of the 42nd Parliament of the United Kingdom
Legia Warsaw,1957-09-02,Ryszard Koncewicz
Economic Community of West African States,1999-01-01,Étienne Gnassingbé Eyadéma
Tennis Borussia Berlin,2005-07-24,Theo Gries
Ludwig Janda,1943-01-15,Luftwaffen-SV Hamburg
MKE Ankaragücü,2022-09-28,Ömer Erdoğan
The Little Street,1846-03-16,Hendrik Six van Hillegom
Cinzio Scagliotti,1939-07-13,A.C. Prato
PEN International,1973-05-10,Heinrich Böll
Esch-sur-Alzette,1908-08-31,Léon Metz
HNK Šibenik,2021-12-02,Mario Rosas
Gordon Wilson,1974-07-04,Member of the 46th Parliament of the United Kingdom
Raj Kumar Yadav,2017-08-23,"Jagan Nath University, NCR"
Olívia Santana,2022-12-06,state deputy of Bahia
Charles Frewen,1846-07-05,Member of the 14th Parliament of the United Kingdom
Legia Warsaw,2021-07-08,Czesław Michniewicz
Johns Hopkins University,1980-07-10,Steven Muller
George Willey,1952-04-23,Member of the 40th Parliament of the United Kingdom
Alessandro Armenise,2007-11-23,A.S. Martina Franca 1947
"Industrial Union of Chemicals, Glass and Ceramics",1947-05-05,Max Reitersleben
Rudolf Haag,1976-01-22,University of Hamburg
Villers-Campeau,1943-06-23,M. Miens
Bill Brown,1968-09-23,Portsmouth F.C.
FC Bayern Munich,2021-05-09,Hansi Flick
Frederick Valentine Atkinson,1957-06-22,Canberra College
Grace Hopper,1987-08-05,Digital Equipment Corporation
Young man in Mayo costume,1902-10-19,Louisine Havemeyer
National Police of Ukraine,2016-07-10,Khatia Dekanoidze
Mary Douglas,1978-09-30,New York University
Giovanni Galeone,1972-05-06,Udinese Calcio
Chicago,1854-12-08,Isaac Lawrence Milliken
Com Hem,2019-04-01,BC Partners
Pablo Andrés González,2008-05-16,Grupo Universitario de Tandil
Guy C. H. Corliss,1891-12-23,Justice of the North Dakota Supreme Court
Tamsin Ford,2011-11-21,University of Exeter Medical School
Mark Gower,2010-11-07,Swansea City A.F.C.
Sydney Chapman,1911-04-09,Royal Observatory
Oliver Wittke,2013-01-16,member of the Landtag of North Rhine-Westphalia
Steve Butler,1992-01-01,Cambridge United F.C.
Matthew Pratt Guterl,1999-09-10,St. John's University
Mühldorf am Inn,2014-11-15,Marianne Zollner
Hadsel,2022-10-10,Aina Johanne Nilsen
Reading F.C.,2019-01-22,José Manuel Gomes
Stavros Kostopoulos,1948-08-16,Minister of Supplies
Lyman Spitzer,1946-06-17,Yale University
International Tribunal for the Law of the Sea,2012-04-18,Shunji Yanai
Erik Ullenhag,2004-04-06,Member of the Committee on the Labour Market
Chamber of Deputies,1976-03-12,René Van Den Bulcke
Roger D. Launius,1994-10-17,NASA
Yves Calvi,1986-01-06,Radio France Internationale
Aimé Lavie,2007-01-01,F.C. Nantes
Joseph Watson Sidebotham,1890-12-22,Member of the 24th Parliament of the United Kingdom
Sebastián Edwards,1981-09-30,"University of California, Los Angeles"
Stefan Bergman,1921-07-18,Frederick William University
Emil Leon Post,1926-05-29,Cornell University
Hon-Hergies,2016-04-14,Luc Bertaux
Valdet Rama,2008-11-21,FC Ingolstadt 04
Leonard Jimmie Savage,1944-12-18,Columbia University
Patrick du Val,1970-07-04,Istanbul University
Peter Houtman,1985-10-04,FC Groningen
Aris Thessaloniki F.C.,2016-05-02,Nikos Anastopoulos
Toulouse FC,2018-03-24,Mickaël Debève
Daniel Pedoe,1931-05-16,Magdalene College
Hua Luogeng,1944-01-31,Yunnan University
Ángel Bernuncio,1994-12-24,Textil Mandiyú
Region Zealand,2016-12-03,Jens Stenbæk
Christian Zetlitz Bretteville,1853-12-29,Minister of Finance of Norway
Eduardo Hernández-Sonseca,2015-04-19,Club Melilla Baloncesto
Dugdale Dugdale,1805-09-22,Member of the 2nd Parliament of the United Kingdom
Ariel Rosada,2003-06-14,Newell's Old Boys
Vermin Supreme,2015-06-24,Democratic Party
"Sir Charles Burrell, 3rd Baronet",1831-09-26,Member of the 10th Parliament of the United Kingdom
Ugo Gabrieli,2006-05-27,Italy national under-18 football team
Mikel Antía Mendiaraz,2001-01-01,Elche CF
FC Shakhtyor Salihorsk,2021-05-04,Roman Hryhorchuk
Hugo Pina,2011-01-01,S.C.U. Torreense
Dugdale Dugdale,1821-01-17,Member of the 7th Parliament of the United Kingdom
Balassagyarmat,2003-08-20,István Lombos
Ove Ljung,1970-10-01,Commander East Military Area
Kleinmachnow,2005-02-06,Wolfgang Blasig
Chamber of Deputies,1858-06-25,Jean-Pierre Toutsch
International Bobsleigh and Skeleton Federation,1985-02-22,Klaus Kotter
Niall Ferguson,2010-10-05,London School of Economics and Political Science
Arnhem,2022-08-13,Ahmed Marcouch
Ryan Flynn,2008-05-19,Liverpool F.C
R.S.C. Anderlecht,1989-01-16,Raymond Goethals
FC Astra Giurgiu,2018-03-22,Edward Iordănescu
José Pardo y Barreda,1917-08-15,President of Peru
Henry Hobhouse,1892-09-11,Member of the 25th Parliament of the United Kingdom
"Hugh Foot, Baron Caradon",1961-11-19,ambassador of the United Kingdom to the United Nations Trusteeship Council
Erich Habitzl,1954-11-25,R.C. Lens
Stilianos Alexiou,1951-11-18,National Center for Scientific Research
Craig McKeown,2004-04-02,Berwick Rangers F.C.
Thomas Albrecht-Schönzart,1998-03-28,Auburn University
Gilbert Dussier,1967-10-15,FC Differdange 03
Miskolc,2021-02-04,Pál Veres
Sweden men's national ice hockey team,1964-03-19,Arne Strömberg
Mende,1985-04-04,Jean-Jacques Delmas
World Wide Fund for Nature,1993-10-14,"Prince Philip, Duke of Edinburgh"
Tsai Ing-wen,2021-07-22,President of the Republic of China
Brazilian Academy of Sciences,1943-07-17,Cândido Firmino de Mello-Leitão
Albert Brown,1904-07-08,Preston North End F.C.
Eduardo Hernández-Sonseca,2009-05-01,Club Joventut Badalona
Vasas SC,2020-03-27,Ferenc Bene
Macchambes Younga-Mouhani,1992-01-08,Diables Noirs
Warren Jabali,1973-09-30,Denver Nuggets
Hasnon,1978-05-14,Jean Delœil
Alyaksey Belavusaw,2002-04-19,FC Shakhtyor Salihorsk
United States Department of State,1993-01-12,Lawrence Eagleburger
"Ildefonso Díez de Rivera, Count of Almodóvar",1821-02-06,General captain of Valencia
"Sir Horace Rumbold, 8th Baronet",1877-10-15,ambassador of the United Kingdom to Chile
Stojan Vranješ,2007-01-01,FK Borac Banja Luka
Modeste M'bami,2011-09-30,Dalian Yifang F.C.
Ludwig Janda,1947-07-28,TSV 1860 München
Vienna,1910-06-23,Josef Neumayer
Republic of Artsakh,2014-12-11,Bako Sahakyan
Chris Ruane,2019-09-01,Member of the 57th Parliament of the United Kingdom
Mende,1972-02-26,Henri Trémolet de Villers
Fernando Martín Carreras,2014-02-26,CF La Nucía
Edgar Rees Jones,1910-05-22,Member of the 29th Parliament of the United Kingdom
Willy Scheepers,1985-11-02,SV Darmstadt 98
Johann Radon,1919-07-18,University of Hamburg
Vienna,1963-04-05,Franz Jonas
Vienna,2020-07-01,Michael Ludwig
Scottish Parliament,2001-09-29,David Steel
HNK Rijeka,2019-07-15,Igor Bišćan
Jimmy Bloomfield,1963-12-23,Birmingham City F.C.
Philip Franklin,1918-02-10,Aberdeen Proving Ground
Margaret Atwood,1969-01-14,University of Alberta
Richard Ryder,1801-10-06,Member of the 1st Parliament of the United Kingdom
"John Diamond, Baron Diamond",1958-03-24,Member of the 41st Parliament of the United Kingdom
Fremantle Football Club,2017-05-23,Ross Lyon
Alexander Farnerud,2006-01-27,VfB Stuttgart II
Mauricio Wright,2004-09-24,Costa Rica national football team
Rocc,2001-05-28,Faculty of Music of the Janáček Academy of Music and Performing Arts in Brno
"Valentine Browne, 4th Earl of Kenmare",1857-07-19,Member of the 17th Parliament of the United Kingdom
Vootele Hansen,2020-07-25,Isamaa
Greenland,1998-07-20,Jonathan Motzfeldt
George Jones,1929-03-03,Member of the 34th Parliament of the United Kingdom
Anniken Huitfeldt,2013-06-08,Minister of Labour and Social Inclusion
Clarence Seedorf,1995-08-28,Netherlands national association football team
Michael Fallon,2018-04-18,Member of the 57th Parliament of the United Kingdom
Jason Price,2013-08-27,Shaw Lane Aquaforce F.C.
Esch-sur-Alzette,1919-08-29,Jean-Pierre Pierrard
"Emil Stang, Sr.",1893-10-27,Prime Minister of Norway
Alcalá de Henares,1984-06-01,Arsenio Lope Huerta
Woldemar Bargiel,1861-02-13,Hochschule für Musik und Tanz Köln
Italian Radicals,2022-02-02,Antonella Soldo
Romania,1990-09-15,Petre Roman
Annie Lacroix-Riz,1993-05-16,University Toulouse - Jean Jaurès
Eugen Slutsky,1934-06-10,Moscow State University
Katya Scheinberg,2014-05-20,Lehigh University
Nuremberg,1946-04-02,Hans Ziegler
George Kelly,1956-05-18,Stoke City F.C.
Juan José Muñante,1981-08-26,Tampico Madero
Jackie Baillie,2012-07-11,Member of the 4th Scottish Parliament
James Christopher Flynn,1894-10-01,Member of the 25th Parliament of the United Kingdom
Legia Warsaw,2015-12-13,Stanislav Cherchesov
Mark Clinton,1962-12-23,Teachta Dála
Security Service of Ukraine,1991-10-25,Nikolai Golushko
Ahmed Reda Tagnaouti,2018-07-01,Morocco national football team
Nuremberg,1945-01-01,Hans Ziegler
Clive Ballard,2019-07-05,University of Exeter
Davor Jozić,1986-01-26,F.K. Sarajevo
Germany,1967-06-15,Kurt Georg Kiesinger
Chamber of Deputies,1992-10-23,Erna Hennicot-Schoepges
Aris Thessaloniki F.C.,2022-12-01,Alan Pardew
Brayan Perea,2015-06-23,ES Troyes AC
Neil Redfearn,1996-05-06,Barnsley F.C.
Jens Wemmer,2015-06-10,Panathinaikos F.C.
Croatian National Bank,1995-09-30,Pero Jurković
Władysław Orlicz,1929-02-15,University of Göttingen
France men's national volleyball team,1965-11-02,Nicolae Sotir
Hon-Hergies,1959-11-19,Edgard Pature
Romania,1891-11-11,Ion Emanuel Florescu
Neil Redfearn,2003-07-01,Boston United F.C.
Marko Memedović,2007-01-06,FK Sloga Kraljevo
Lord Douglas Gordon-Hallyburton,1837-06-22,Member of the 12th Parliament of the United Kingdom
Lee Anna Clark,2001-06-13,University of Iowa
Kyōto Prefecture,1901-02-06,Chikaaki Takasaki
Stanislav Gross,1999-09-05,chairperson
Samuel Christy-Miller,1852-11-27,Member of the 16th Parliament of the United Kingdom
Sead Ramović,2014-01-01,Strømsgodset IF
Derman Christopherson,1964-09-21,Durham University
Raúl Servín,1991-05-24,Atlas F.C.
Jason Price,1997-01-24,Swansea City A.F.C.
Anders Lysgaard,1816-09-26,member of the Parliament of Norway
Olympique Lyonnais,2018-11-05,Bruno Génésio
Mitchell Feigenbaum,2002-03-09,The Rockefeller University
Alessandro Armenise,2008-01-01,A.S. Noicattaro Calcio
Lukas Mössner,2009-01-24,SKN St. Pölten
i,2016-02-04,Johnston Press
David McClarty,2013-03-04,Member of the 4th Northern Ireland Assembly
Neil Redfearn,2008-01-01,Bridlington Town A.F.C.
Hans Bethe,1924-12-27,Goethe University Frankfurt
Jim McLaughlin,1977-08-09,Dundalk F.C.
Susan R. Fussell,2016-10-03,Cornell University
Vienna,1922-03-13,Jakob Reumann
Juan Fernando Quintero,2009-11-07,Envigado Fútbol Club
CSM Reșița,2020-07-27,Alexandru Pelici
Liège,1985-08-09,Edouard Close
Junior Sandoval,2010-10-31,Puerto Rico Islanders
Domenico Maggiora,1973-05-25,Juventus FC
"Sir William Curtis, 1st Baronet",1819-11-11,Member of the 6th Parliament of the United Kingdom
Anthony Henry Ashley-Cooper,1833-04-26,Member of the 11th Parliament of the United Kingdom
Archibald James Macintyre,1929-06-14,University of Cambridge
David Mudd,1985-11-22,Member of the 49th Parliament of the United Kingdom
Bernhard Schölkopf,2007-07-01,Max Planck Institute for Biological Cybernetics
Adrian Năstase,2000-11-14,Social Democracy Party of Romania
Dzhambulad Bazayev,2003-06-30,FC Saturn Ramenskoye
Gaetano Scorza,1898-11-15,University of Pisa
Thanasis Sentementes,1999-03-08,PAS Giannina F.C.
Eugen Loderer,1962-10-10,IG Metall Baden-Württemberg
I. J. Good,1955-12-02,Government Communications Headquarters
Vienna,1969-08-08,Bruno Marek
Manuel Hartmann,2003-12-05,SGV Freiberg
Legia Warsaw,1959-09-18,Stjepan Bobek
Andrey V Chubukov,1991-03-05,University of Illinois system
Jack Mustard,1929-12-30,South Shields F.C.
George Willey,1948-12-24,Member of the 38th Parliament of the United Kingdom
Sergio Codognato,1975-06-13,Cosenza Calcio 1914
Cádiz,1978-01-20,Emilio Beltrami López-Linares
Dirk Helbing,2003-11-23,TU Dresden
Tennessee State University,1969-08-27,Andrew P. Torrence
Ajit Pai,2012-03-12,Federal Communications Commission
Claire Wyart,2008-11-04,"University of California, Berkeley"
Skælskør Municipality,1986-10-20,Søren Clausen
FK Budućnost Podgorica,2021-11-11,Aleksandar Nedović
Hvidovre Municipality,2007-06-17,Britta Christensen
Deutscher Schriftstellerverband,1986-03-11,Hermann Kant
Italian Radicals,2002-02-21,Luca Coscioni
Yves Calvi,1994-08-05,RMC
"Frederick Elwyn Jones, Baron Elwyn-Jones",1966-01-20,Attorney General for England and Wales
Charles-André Julien,1936-01-12,Lycée Montaigne
Bill Clinton,1967-09-18,Edmund A. Walsh School of Foreign Service
Geoffrey Doumeng,2010-08-24,Tours FC.
William Taylor Copeland,1839-10-18,Member of the 13th Parliament of the United Kingdom
Confederation of Independent Trade Unions of Luxembourg,1998-10-08,John Castegnaro
Annelise Riles,1989-09-15,London School of Economics and Political Science
"Alfred Robens, Baron Robens of Woldingham",1945-11-07,Member of the 38th Parliament of the United Kingdom
J. M. Wallace-Hadrill,1974-08-11,All Souls College
NK Rudeš,2018-12-21,Darko Jozinović
Marco Piccinni,2008-01-02,A.S. Noicattaro Calcio
Austria,2000-05-21,Thomas Klestil
Alexis Alexandrou,1996-10-01,Cyprus national football team
Edward Royd Rice,1848-11-27,Member of the 15th Parliament of the United Kingdom
K.V. Kortrijk,2020-03-13,Yves Vanderhaeghe
Carlo Rovelli,1989-01-01,Syracuse University
Economic Community of West African States,1980-05-06,Léopold Sédar Senghor
Endre Bajcsy-Zsilinszky,1941-02-21,"Independent Smallholders, Agrarian Workers and Civic Party"
Ellen Muehlberger,2020-01-11,University of Michigan
Incheon,2007-11-04,Ahn Sang-soo
Protezione Civile,2020-10-19,Angelo Borrelli
Economic Community of West African States,2021-05-04,Nana Akufo-Addo
People's Republic of China,2014-09-08,Li Keqiang
Grace Hopper,1938-09-04,Vassar College
Hamilton C. Jones,1917-12-21,judge
Joichi Suetsuna,1928-01-04,University of Göttingen
Prasanta Chandra Mahalanobis,1911-05-20,Presidency University
Juan Sabas,1992-01-10,Atlético Madrid
"Sir Roger Conant, 1st Baronet",1933-02-19,Member of the 36th Parliament of the United Kingdom
Poland,1991-07-02,Jan Krzysztof Bielecki
"John Russell, 1st Earl Russell",1835-04-18,Home Secretary
Nuremberg,1824-08-29,Jakob Friedrich Binder
Pablo Andrés González,2011-03-23,Robur Siena
Isabela,1986-11-30,Silvestre Bello III
Hermogenes Ebdane,2012-03-19,Governor of Zambales
Tim Sandercombe,2022-01-30,Weston-super-Mare A.F.C.
Clarence Seedorf,2012-12-10,Botafogo F.R.
Obren Joksimović,2005-06-29,Democratic Party of Serbia
Katarina Kolar,2011-03-21,ŽNK Dinamo-Maksimir
R.S.C. Anderlecht,2019-04-14,Fred Rutten
Giuseppe Pisanu,2013-01-13,Civic Choice
Christophe Samson,2006-09-08,Stade Rochelais
Leonid Kantorovich,1972-01-28,State Committee for Science and Technology
Fani Stipković,2013-10-24,Universidad Europea de Madrid
Fazlur Rahman Malik,1969-08-30,University of Chicago
Scottish Parliament,2003-08-02,George Reid
Marilyn Strathern,1975-11-19,Australian National University
Teija Tiilikainen,2006-03-29,University of Helsinki
Bethany Hall-Long,2004-11-18,representative of the Delaware House of Representatives
Gareth Evans,1987-04-19,Member of the Australian Senate
"Sir John Arbuthnot, 1st Baronet",1953-11-01,Member of the 40th Parliament of the United Kingdom
Charles Owen O'Conor,1866-08-26,Member of the 19th Parliament of the United Kingdom
Principality of Polotsk,1001-10-08,Vseslav Izyaslavich
Peter Houtman,1987-08-02,Sporting CP
Harrison B. Tordoff,1958-07-10,University of Michigan
Nizhny Novgorod,2019-12-22,Vladimir Panov
Marco Piccinni,2010-10-04,S.S.D. Lucchese 1905
Nicola Shadbolt,1980-11-05,University of Canterbury
Kosta Rodrigues,1998-02-13,SC Weismain-Obermain
José Pardo y Barreda,1904-04-13,President of the Council of Ministers of Peru
Kojo Appiah-Kubi,2014-12-20,Member of the 6th Parliament of the 4th Republic of Ghana
Ahmed Reda Tagnaouti,2017-03-05,Morocco national football team
Brian Smith,1977-10-28,Bolton Wanderers F.C.
Cecilia Salvai,2009-09-03,Torino CF
United States Department of State,2018-02-26,Rex Tillerson
Fredrik Magnus Cronberg,1718-07-05,governor of Västerbotten County
Munich,1878-03-07,Alois Erhardt
FK Budućnost Podgorica,2022-08-17,Miodrag Džudović
Tennis Borussia Berlin,2006-05-27,Dejan Raičković
Clement Kinloch-Cooke,1923-05-27,Member of the 32nd Parliament of the United Kingdom
"Industrial Union of Chemicals, Glass and Ceramics",1963-06-17,Rudolf Höppner
Delta Air Lines,1998-01-07,Gerald Grinstein
Plzeň,1988-11-28,Bohumil Plátěnka
Harry Pursey,1965-12-18,Member of the 43rd Parliament of the United Kingdom
Laurens Perseus Hickok,1844-01-11,Auburn Theological Seminary
Juan José Muñante,1977-03-02,Peru national football team
"Donald Anderson, Baron Anderson of Swansea",2005-02-12,Member of the 53rd Parliament of the United Kingdom
Arnhem,1987-08-12,Job Drijber
Oliver Wittke,2019-03-31,Parliamentary Secretary in Germany
Stade Malherbe Caen,2019-12-08,Pascal Dupraz
United States Commission of Fine Arts,1912-05-05,Daniel Chester French
Mary Douglas,1969-01-01,University College London
Donald Stewart,1975-12-10,Member of the 47th Parliament of the United Kingdom
Esch-sur-Alzette,1841-10-26,Dominique Stoffel
Mick Morris,1968-07-15,Port Vale F.C.
Chris Hadfield,1982-10-27,University of Waterloo
Hans Rådström,1960-06-03,Royal Institute of Technology
Kees Bregman,1984-06-29,SC Fortuna Köln
Austria,1962-08-05,Adolf Schärf
Ugo Gabrieli,2009-07-24,Unione Sportiva Lecce
Andrew Robathan,2013-07-09,Member of the 55th Parliament of the United Kingdom
Sweden men's national ice hockey team,2020-06-15,Johan Garpenlöv
France men's national volleyball team,1995-01-01,Vladimir Kondra
Esch-sur-Alzette,1888-12-04,Dominique-Joseph Hoferlin
Michele Cossato,1999-12-25,Atalanta B.C.
International Ski Federation,1958-11-12,Marc Hodler
Gravesend town pier,2022-12-27,Thames Clippers
"William Hayes Fisher, 1st Baron Downham",1898-02-17,Member of the 26th Parliament of the United Kingdom
Arthur Nordlie,1944-03-24,member of the Parliament of Norway
Dominican Republic,1965-09-07,Héctor García Godoy
Ermis Aradippou FC,2018-03-27,Kostas Kaiafas
Richard C. Bradt,1989-03-26,"University of Nevada, Reno"
Munich,1869-05-13,Kaspar von Steinsdorf
Erich Habitzl,1956-01-01,F.C. Nantes
Yasuko Komiyama,2019-12-27,Democratic Party for the People
Primrose Hill Tunnel,1874-04-05,London and North Western Railway
Brazilian Academy of Sciences,1918-01-05,Henrique Charles Morize
Jewel Plummer Cobb,1943-07-04,Talladega College
Union of Italian Jewish Communities,2010-03-09,Renzo Gattegna
"William Hay, 10th Marquess of Tweeddale",1865-09-21,Member of the 19th Parliament of the United Kingdom
"Food, Beverages and Catering Union",1968-05-24,Herbert Stadelmaier
Rebecca Hankins,2003-04-27,University of Arizona
Chicago,1860-08-30,John Wentworth
Wendell A. Mordy,1977-11-18,Science Museum of Minnesota
John Henry Puleston,1884-04-26,Member of the 22nd Parliament of the United Kingdom
Henri Longchambon,1950-04-23,Representative of the Parliamentary Assembly of the Council of Europe
Kyōto Prefecture,1945-06-26,Shigeo Miyoshi
ITV plc,2017-11-07,Peter Bazalgette
Perry T. Rathbone,1934-12-10,Detroit Institute of Arts
Security Service of Ukraine,2006-10-04,Ihor Drizhchany
Kosta Rodrigues,2002-11-09,Hannover 96
"Donald Anderson, Baron Anderson of Swansea",1975-12-17,Member of the 47th Parliament of the United Kingdom
Chicago,1931-05-08,Anton Cermak
Mauricio Wright,2003-08-29,Costa Rica national football team
Russia,1998-08-31,Viktor Chernomyrdin
"Miguel Primo de Rivera, 2nd Marquis of Estella",1923-08-24,Captain General of Catalonia
Yves Deroff,1997-01-01,France national under-18 football team
Swedish Ice Hockey Association,2014-07-18,Christer Englund
Sweden men's national ice hockey team,1991-03-07,Conny Evensson
Annemasse,2015-06-14,special delegation
Nicolás Salmerón y Alonso,1907-02-20,Catalan Solidarity
Scott Flinders,2008-10-05,Crystal Palace F.C.
Hayao Miyazaki,1979-11-11,TMS Entertainment
